length,construction time (s),verification time (s),total mem (mb),states,transitions
2,0.005,0.002,0.42011260986328125,10,18
3,0.005,0.067,0.9245758056640625,12,20
4,0.006,0.067,1.950042724609375,16,30
5,0.006,0.354,-1.950469970703125,18,32
6,0.006,0.338,2.6613616943359375,22,42
7,0.008,1.081,44.92515563964844,24,44
8,0.008,1.141,46.23810577392578,28,54
9,0.009,2.774,29.27411651611328,30,56
10,0.008,2.74,-5.18670654296875,34,66
11,0.01,5.928,31.04218292236328,36,68
12,0.01,5.833,51.324485778808594,40,78
13,0.01,10.567,69.57533264160156,42,80
14,0.012,10.43,86.0273666381836,46,90
15,0.011,16.963,-0.426544189453125,48,92
16,0.012,18.489,58.86273956298828,52,102
17,0.011,25.962,66.33892822265625,54,104
18,0.023,24.903,37.313568115234375,58,114
19,0.012,37.756,56.03112030029297,60,116
20,0.012,38.363,27.385345458984375,64,126
21,0.012,69.392,59.945594787597656,66,128
22,0.012,70.039,87.45217895507812,70,138
23,0.015,110.253,49.665985107421875,72,140
24,0.014,128.727,307.34141540527344,76,150
25,0.015,200.091,267.43768310546875,78,152
